PersonName,Country,Discipline
AALERUD Katrine,Norway,Cycling Road
ABAD Nestor,Spain,Artistic Gymnastics
ABAGNALE Giovanni,Italy,Rowing
ABALDE Alberto,Spain,Basketball
ABALDE Tamara,Spain,Basketball
ABALO Luc,France,Handball
ABAROA Cesar,Chile,Rowing
ABASS Abobakr,Sudan,Swimming
ABBASALI Hamideh,Islamic Republic of Iran,Karate
ABBASOV Islam,Azerbaijan,Wrestling
ABBINGH Lois,Netherlands,Handball
ABBOT Emily,Australia,Rhythmic Gymnastics
ABBOTT Monica,United States of America,Softball
ABDALLA Abubaker Haydar,Qatar,Athletics
ABDALLA Maryam,Egypt,Shooting
ABDALRASOOL Mohamed,Sudan,Judo
ABDEL LATIF Radwa,Egypt,Shooting
ABDEL RAZEK Samy,Egypt,Shooting
ABDELAZIZ Abdelaziz Mohamed,Egypt,Karate
ABDELMAWGOUD Ahmed,Egypt,Weightlifting
ABDELRAOUF Shaza,Egypt,Fencing
ABDELRAHMAN Mohamed,Egypt,Weightlifting
ABDELRASHEED Sarah,Egypt,Artistic Swimming
ABDERRAHIM Soufiane,Morocco,Athletics
ABDERRAZEK Oussama,Tunisia,Wrestling
ABDESLAM Abderrahmane,Morocco,Boxing
ABDI Bashir,Belgium,Athletics
ABDILDIN Adilet,Kyrgyzstan,Wrestling
ABDO Lilian Sonia,Brazil,Rhythmic Gymnastics
ABDOLI Elaheh,Islamic Republic of Iran,Karate
ABDON Aira,Philippines,Skateboarding
ABDOU Hachim Mahmoud,Comoros,Athletics
ABDUALIYEV Eldos,Kyrgyzstan,Wrestling
ABDULHADI Noura,Bahrain,Shooting
