Name,Country,Discipline,Event
ABETTI Marina,Italy,Fencing,
ABEYIE Noel,Republic of Korea,Football,Men
ABIDAL Eric,Spain,Football,Men
ABLAYEV Kanat,Kazakhstan,Wrestling,
ABONDE Stephane,France,Judo,
ABOUD Wael,Egypt,Wrestling,
ABRAHAMSEN Frode,Norway,Handball,Women
ABRAMOVIC Nikola,Slovenia,Canoe Sprint,
ABREU Carlos,Brazil,Taekwondo,
ABRUZZESE Andrea,Italy,Swimming,
ACAR Fatih,Turkey,Wrestling,
ACCAMBRAY William,France,Handball,Men
ACEVEDO Gabriel,Argentina,Hockey,Men
ACHANTA Sharath Kamal,India,Table Tennis,
ACOSTA Luis,Cuba,Wrestling,
ACURERO Danelys,Dominican Republic,Weightlifting,
ADAMA NDIAYE Bara,Senegal,Basketball,Men
ADAMS Nicola,United Kingdom,Boxing,Women
ADAO Goncalo,Portugal,Canoe Sprint,
ADCOCK Chris,Denmark,Badminton,Mixed Doubles
ADDY Willy,Germany,Cycling Track,
ADELEKE Rhasidat,Ireland,Athletics,
ADEN MAXAMED Ali,Somalia,Judo,
ADNAN Md,Bangladesh,Shooting,
ADONGO Moses,Uganda,Boxing,
ADRIAN Nana,Ghana,Boxing,
AEGERTER Kevin,United States of America,Water Polo,Men
AFANASIEVA Katarina,Bulgaria,Artistic Gymnastics,
AFFLECK Ben,Australia,Rowing,
AFRIYIE Shawn,Ghana,Boxing,
AGAFONOVA Liubov,Russian Olympic Committee,Rhythmic Gymnastics,
AGARWAL Gaurav,India,Shooting,
